Brand,Description,Price,Rating
OnePlus,- Nord N30 5G 128GB (Unlocked) - Chromatic Gray,249.99,722
BLU,- G53 64GB (Unlocked) - Pearl,109.99,274
BLU,- G63 128GB (Unlocked) - Black,129.99,191
OnePlus,- 12 512GB (Unlocked) - Flowy Emerald,799.99,292
Samsung,- Galaxy S24 Ultra 512GB (Unlocked) - Titanium Black,1169.99,634
Samsung,- Galaxy S24+ 256GB (Unlocked) - Cobalt Violet,799.99,300
BLU,- G73 128GB (Unlocked) - Nordic Blue,129.99,114
Samsung,- Galaxy A15 5G 128GB (Unlocked) - Blue Black,199.99,354
Motorola,- edge 2023 256GB (Unlocked) - Eclipse Black,299.99,273
Samsung,- Galaxy S24 256GB (Unlocked) - Onyx Black,859.99,91
Motorola,- Moto G 5G 2023 128GB (Unlocked) - Ink Blue,149.99,938
BLU,- G93 128GB (Unlocked) - Black,179.99,128
Motorola,- moto g power 2024 5G 128GB (Unlocked) - Midnight Blue,249.99,97
Boost,Mobile - moto g play 2024 64GB Prepaid - Black,50.99,46
OnePlus,- Open 16GB 512GB (Unlocked) - Voyager Black,1699.99,146
Samsung,- Galaxy S24 Ultra 256GB (Unlocked) - Titanium Black,1049.99,746
OnePlus,- 12R 256GB (Unlocked) - Cool Blue,549.99,120
Lively®,- Jitterbug Smart4 Smartphone for Seniors - Black,71.99,286
OnePlus,- Nord N30 5G 128GB (Unlocked) - Chromatic Gray,249.99,722
BLU,- G53 64GB (Unlocked) - Pearl,109.99,274
BLU,- G63 128GB (Unlocked) - Black,129.99,191
OnePlus,- 12 512GB (Unlocked) - Flowy Emerald,799.99,292
Samsung,- Galaxy S24 Ultra 512GB (Unlocked) - Titanium Black,1169.99,634
Samsung,- Galaxy S24+ 256GB (Unlocked) - Cobalt Violet,799.99,300
BLU,- G73 128GB (Unlocked) - Nordic Blue,129.99,114
Samsung,- Galaxy A15 5G 128GB (Unlocked) - Blue Black,199.99,354
Motorola,- edge 2023 256GB (Unlocked) - Eclipse Black,299.99,273
Samsung,- Galaxy S24 256GB (Unlocked) - Onyx Black,859.99,91
Motorola,- Moto G 5G 2023 128GB (Unlocked) - Ink Blue,149.99,938
BLU,- G93 128GB (Unlocked) - Black,179.99,128
Motorola,- moto g power 2024 5G 128GB (Unlocked) - Midnight Blue,249.99,97
Boost,Mobile - moto g play 2024 64GB Prepaid - Black,50.99,46
OnePlus,- Open 16GB 512GB (Unlocked) - Voyager Black,1699.99,146
Samsung,- Galaxy S24 Ultra 256GB (Unlocked) - Titanium Black,1049.99,746
OnePlus,- 12R 256GB (Unlocked) - Cool Blue,549.99,120
Lively®,- Jitterbug Smart4 Smartphone for Seniors - Black,71.99,286
OnePlus,- Nord N30 5G 128GB (Unlocked) - Chromatic Gray,249.99,722
BLU,- G53 64GB (Unlocked) - Pearl,109.99,274
BLU,- G63 128GB (Unlocked) - Black,129.99,191
OnePlus,- 12 512GB (Unlocked) - Flowy Emerald,799.99,292
Samsung,- Galaxy S24 Ultra 512GB (Unlocked) - Titanium Black,1169.99,634
Samsung,- Galaxy S24+ 256GB (Unlocked) - Cobalt Violet,799.99,300
BLU,- G73 128GB (Unlocked) - Nordic Blue,129.99,114
Samsung,- Galaxy A15 5G 128GB (Unlocked) - Blue Black,199.99,354
Motorola,- edge 2023 256GB (Unlocked) - Eclipse Black,299.99,273
Samsung,- Galaxy S24 256GB (Unlocked) - Onyx Black,859.99,91
Motorola,- Moto G 5G 2023 128GB (Unlocked) - Ink Blue,149.99,938
BLU,- G93 128GB (Unlocked) - Black,179.99,128
Motorola,- moto g power 2024 5G 128GB (Unlocked) - Midnight Blue,249.99,97
Boost,Mobile - moto g play 2024 64GB Prepaid - Black,50.99,46
OnePlus,- Open 16GB 512GB (Unlocked) - Voyager Black,1699.99,146
Samsung,- Galaxy S24 Ultra 256GB (Unlocked) - Titanium Black,1049.99,746
OnePlus,- 12R 256GB (Unlocked) - Cool Blue,549.99,120
Lively®,- Jitterbug Smart4 Smartphone for Seniors - Black,71.99,286
OnePlus,- Nord N30 5G 128GB (Unlocked) - Chromatic Gray,249.99,722
BLU,- G53 64GB (Unlocked) - Pearl,109.99,274
BLU,- G63 128GB (Unlocked) - Black,129.99,191
OnePlus,- 12 512GB (Unlocked) - Flowy Emerald,799.99,292
Samsung,- Galaxy S24 Ultra 512GB (Unlocked) - Titanium Black,1169.99,634
Samsung,- Galaxy S24+ 256GB (Unlocked) - Cobalt Violet,799.99,300
BLU,- G73 128GB (Unlocked) - Nordic Blue,129.99,114
Samsung,- Galaxy A15 5G 128GB (Unlocked) - Blue Black,199.99,354
Motorola,- edge 2023 256GB (Unlocked) - Eclipse Black,299.99,273
Samsung,- Galaxy S24 256GB (Unlocked) - Onyx Black,859.99,91
Motorola,- Moto G 5G 2023 128GB (Unlocked) - Ink Blue,149.99,938
BLU,- G93 128GB (Unlocked) - Black,179.99,128
Motorola,- moto g power 2024 5G 128GB (Unlocked) - Midnight Blue,249.99,97
Boost,Mobile - moto g play 2024 64GB Prepaid - Black,50.99,46
OnePlus,- Open 16GB 512GB (Unlocked) - Voyager Black,1699.99,146
Samsung,- Galaxy S24 Ultra 256GB (Unlocked) - Titanium Black,1049.99,746
OnePlus,- 12R 256GB (Unlocked) - Cool Blue,549.99,120
Lively®,- Jitterbug Smart4 Smartphone for Seniors - Black,71.99,286
OnePlus,- Nord N30 5G 128GB (Unlocked) - Chromatic Gray,249.99,722
BLU,- G53 64GB (Unlocked) - Pearl,109.99,274
BLU,- G63 128GB (Unlocked) - Black,129.99,191
OnePlus,- 12 512GB (Unlocked) - Flowy Emerald,799.99,292
Samsung,- Galaxy S24 Ultra 512GB (Unlocked) - Titanium Black,1169.99,634
Samsung,- Galaxy S24+ 256GB (Unlocked) - Cobalt Violet,799.99,300
BLU,- G73 128GB (Unlocked) - Nordic Blue,129.99,114
Samsung,- Galaxy A15 5G 128GB (Unlocked) - Blue Black,199.99,354
Motorola,- edge 2023 256GB (Unlocked) - Eclipse Black,299.99,273
Samsung,- Galaxy S24 256GB (Unlocked) - Onyx Black,859.99,91
Motorola,- Moto G 5G 2023 128GB (Unlocked) - Ink Blue,149.99,938
BLU,- G93 128GB (Unlocked) - Black,179.99,128
Motorola,- moto g power 2024 5G 128GB (Unlocked) - Midnight Blue,249.99,97
Boost,Mobile - moto g play 2024 64GB Prepaid - Black,50.99,46
OnePlus,- Open 16GB 512GB (Unlocked) - Voyager Black,1699.99,146
Samsung,- Galaxy S24 Ultra 256GB (Unlocked) - Titanium Black,1049.99,746
OnePlus,- 12R 256GB (Unlocked) - Cool Blue,549.99,120
Lively®,- Jitterbug Smart4 Smartphone for Seniors - Black,71.99,286
OnePlus,- Nord N30 5G 128GB (Unlocked) - Chromatic Gray,249.99,722
BLU,- G53 64GB (Unlocked) - Pearl,109.99,274
BLU,- G63 128GB (Unlocked) - Black,129.99,191
OnePlus,- 12 512GB (Unlocked) - Flowy Emerald,799.99,292
Samsung,- Galaxy S24 Ultra 512GB (Unlocked) - Titanium Black,1169.99,634
Samsung,- Galaxy S24+ 256GB (Unlocked) - Cobalt Violet,799.99,300
BLU,- G73 128GB (Unlocked) - Nordic Blue,129.99,114
Samsung,- Galaxy A15 5G 128GB (Unlocked) - Blue Black,199.99,354
Motorola,- edge 2023 256GB (Unlocked) - Eclipse Black,299.99,273
Samsung,- Galaxy S24 256GB (Unlocked) - Onyx Black,859.99,91
Motorola,- Moto G 5G 2023 128GB (Unlocked) - Ink Blue,149.99,938
BLU,- G93 128GB (Unlocked) - Black,179.99,128
Motorola,- moto g power 2024 5G 128GB (Unlocked) - Midnight Blue,249.99,97
Boost,Mobile - moto g play 2024 64GB Prepaid - Black,50.99,46
OnePlus,- Open 16GB 512GB (Unlocked) - Voyager Black,1699.99,146
Samsung,- Galaxy S24 Ultra 256GB (Unlocked) - Titanium Black,1049.99,746
OnePlus,- 12R 256GB (Unlocked) - Cool Blue,549.99,120
Lively®,- Jitterbug Smart4 Smartphone for Seniors - Black,71.99,286
OnePlus,- Nord N30 5G 128GB (Unlocked) - Chromatic Gray,249.99,722
BLU,- G53 64GB (Unlocked) - Pearl,109.99,274
BLU,- G63 128GB (Unlocked) - Black,129.99,191
OnePlus,- 12 512GB (Unlocked) - Flowy Emerald,799.99,292
Samsung,- Galaxy S24 Ultra 512GB (Unlocked) - Titanium Black,1169.99,634
Samsung,- Galaxy S24+ 256GB (Unlocked) - Cobalt Violet,799.99,300
BLU,- G73 128GB (Unlocked) - Nordic Blue,129.99,114
Samsung,- Galaxy A15 5G 128GB (Unlocked) - Blue Black,199.99,354
Motorola,- edge 2023 256GB (Unlocked) - Eclipse Black,299.99,273
Samsung,- Galaxy S24 256GB (Unlocked) - Onyx Black,859.99,91
Motorola,- Moto G 5G 2023 128GB (Unlocked) - Ink Blue,149.99,938
BLU,- G93 128GB (Unlocked) - Black,179.99,128
Motorola,- moto g power 2024 5G 128GB (Unlocked) - Midnight Blue,249.99,97
Boost,Mobile - moto g play 2024 64GB Prepaid - Black,50.99,46
OnePlus,- Open 16GB 512GB (Unlocked) - Voyager Black,1699.99,146
Samsung,- Galaxy S24 Ultra 256GB (Unlocked) - Titanium Black,1049.99,746
OnePlus,- 12R 256GB (Unlocked) - Cool Blue,549.99,120
Lively®,- Jitterbug Smart4 Smartphone for Seniors - Black,71.99,286
OnePlus,- Nord N30 5G 128GB (Unlocked) - Chromatic Gray,249.99,722
BLU,- G53 64GB (Unlocked) - Pearl,109.99,274
BLU,- G63 128GB (Unlocked) - Black,129.99,191
OnePlus,- 12 512GB (Unlocked) - Flowy Emerald,799.99,292
Samsung,- Galaxy S24 Ultra 512GB (Unlocked) - Titanium Black,1169.99,634
Samsung,- Galaxy S24+ 256GB (Unlocked) - Cobalt Violet,799.99,300
BLU,- G73 128GB (Unlocked) - Nordic Blue,129.99,114
Samsung,- Galaxy A15 5G 128GB (Unlocked) - Blue Black,199.99,354
Motorola,- edge 2023 256GB (Unlocked) - Eclipse Black,299.99,273
Samsung,- Galaxy S24 256GB (Unlocked) - Onyx Black,859.99,91
Motorola,- Moto G 5G 2023 128GB (Unlocked) - Ink Blue,149.99,938
BLU,- G93 128GB (Unlocked) - Black,179.99,128
Motorola,- moto g power 2024 5G 128GB (Unlocked) - Midnight Blue,249.99,97
Boost,Mobile - moto g play 2024 64GB Prepaid - Black,50.99,46
OnePlus,- Open 16GB 512GB (Unlocked) - Voyager Black,1699.99,146
Samsung,- Galaxy S24 Ultra 256GB (Unlocked) - Titanium Black,1049.99,746
OnePlus,- 12R 256GB (Unlocked) - Cool Blue,549.99,120
Lively®,- Jitterbug Smart4 Smartphone for Seniors - Black,71.99,286
OnePlus,- Nord N30 5G 128GB (Unlocked) - Chromatic Gray,249.99,722
BLU,- G53 64GB (Unlocked) - Pearl,109.99,274
BLU,- G63 128GB (Unlocked) - Black,129.99,191
OnePlus,- 12 512GB (Unlocked) - Flowy Emerald,799.99,292
Samsung,- Galaxy S24 Ultra 512GB (Unlocked) - Titanium Black,1169.99,634
Samsung,- Galaxy S24+ 256GB (Unlocked) - Cobalt Violet,799.99,300
